Model,Accuracy,F1_macro
Logistic Regression,0.6711409395973155,0.6678801169590644
Naive Bayes,0.62751677852349,0.631163050672155
SVM (LinearSVC),0.674496644295302,0.6707252996329993
Random Forest,0.6442953020134228,0.6444780786808652
XGBoost,0.5906040268456376,0.5857199653819252
